<?xml version="1.0" encoding="UTF-8"?>

<mule xmlns:tracking="http://www.mulesoft.org/schema/mule/ee/tracking" xmlns:json="http://www.mulesoft.org/schema/mule/json" xmlns:http="http://www.mulesoft.org/schema/mule/http" xmlns:dropbox="http://www.mulesoft.org/schema/mule/dropbox" xmlns="http://www.mulesoft.org/schema/mule/core" xmlns:doc="http://www.mulesoft.org/schema/mule/documentation"
	xmlns:spring="http://www.springframework.org/schema/beans" 
	xmlns:xsi="http://www.w3.org/2001/XMLSchema-instance"
	xsi:schemaLocation="http://www.springframework.org/schema/beans http://www.springframework.org/schema/beans/spring-beans-current.xsd
http://www.mulesoft.org/schema/mule/core http://www.mulesoft.org/schema/mule/core/current/mule.xsd
http://www.mulesoft.org/schema/mule/http http://www.mulesoft.org/schema/mule/http/current/mule-http.xsd
http://www.mulesoft.org/schema/mule/dropbox http://www.mulesoft.org/schema/mule/dropbox/current/mule-dropbox.xsd
http://www.mulesoft.org/schema/mule/json http://www.mulesoft.org/schema/mule/json/current/mule-json.xsd
http://www.mulesoft.org/schema/mule/ee/tracking http://www.mulesoft.org/schema/mule/ee/tracking/current/mule-tracking-ee.xsd">
    <http:listener-config name="HTTP_Listener_Configuration" host="0.0.0.0" port="8085" doc:name="HTTP Listener Configuration"/>
    <dropbox:config name="Dropbox" appKey="h1dys5kx46cot22" appSecret="d2jpfqwz107206j" doc:name="Dropbox">
        <dropbox:oauth-callback-config domain="localhost" localPort="8083" remotePort="8083" path="callback"/>
    </dropbox:config>
    <flow name="CreateFolder">
        <http:listener config-ref="HTTP_Listener_Configuration" path="/create" doc:name="HTTP"/>
        <dropbox:authorize config-ref="Dropbox" doc:name="Dropbox"/>
        <dropbox:create-folder config-ref="Dropbox" path="weddingPics" doc:name="Dropbox"/>
        <json:object-to-json-transformer doc:name="Object to JSON"/>
    </flow>
</mule>
